<parts>
  <interrupts enable="I">
    <interrupt name="RESET"                                priority="21" vector="0x0000"/>
    <interrupt name="INT0"    enable="INT0"   flag="INTF0" priority="20" vector="0x0001" clear="1"/>
    <interrupt name="INT1"    enable="INT1"   flag="INTF1" priority="19" vector="0x0002" clear="1"/>
    <interrupt name="T1CAP"   enable="ICIE1"  flag="ICF1"  priority="18" vector="0x0003" clear="1"/>
    <interrupt name="T1COA"   enable="OCIE1A" flag="OCF1A" priority="17" vector="0x0004" clear="1"/>
    <interrupt name="T1_OVF"  enable="TOIE1"  flag="TOV1"  priority="16" vector="0x0005" clear="1"/>
    <interrupt name="T0_OVF"  enable="TOIE0"  flag="TOV0"  priority="15" vector="0x0006" clear="1"/>
    <interrupt name="USART_R" enable="RXCIE"  flag="RXC"   priority="14" vector="0x0007" autoclear="0"/>
    <interrupt name="USART_U" enable="UDRIE"  flag="UDRE"  priority="13" vector="0x0008" autoclear="0"/>
    <interrupt name="USART_T" enable="TXCIE"  flag="TXC"   priority="12" vector="0x0009" clear="1"/>
    <interrupt name="ACOMP"   enable="ACIE"   flag="ACI"   priority="11" vector="0x000A" clear="1"/>
    <interrupt name="PCINT0"  enable="PCIE0"  flag="PCIF0" priority="10" vector="0x000B" clear="1"/>
    <interrupt name="T1COB"   enable="OCIE1B" flag="OCF1B" priority="9"  vector="0x000C" clear="1"/>
    <interrupt name="T0COA"   enable="OCIE0A" flag="OCF0A" priority="8"  vector="0x000D" clear="1"/>
    <interrupt name="T0COB"   enable="OCIE0B" flag="OCF0B" priority="7"  vector="0x000E" clear="1"/>
    
    
    <interrupt name="EEPR"    enable="EERIE"  flag=""      priority="4"  vector="0x0011"/>
    <interrupt name="WDT"     enable="WDIE"   flag="WDIF"  priority="3"  vector="0x0012"/>
    <interrupt name="PCINT1"  enable="PCIE1"  flag="PCIF1" priority="2"  vector="0x0013" clear="1"/>
    <interrupt name="PCINT2"  enable="PCIE2"  flag="PCIF2" priority="1"  vector="0x0014" clear="1"/>
  </interrupts>
</parts>
