<parts>
  <port name="PORTA" pins="6" outreg="PORTA" dirreg="!TRISA"
                     opencol="00010000">
  </port>

  <port name="PORTB" pins="8" outreg="PORTB" dirreg="!TRISB"
                     pullups="!RBPU" >
                     
    <interrupt name="PB_INT" mask="11110000"/>
    <extint    name="INT" pin="PORTB0" configbits="INTEDG"/>
  </port>

  <port name="PORTC" pins="8" outreg="PORTC" dirreg="!TRISC" />
  
  <port name="PORTX" pins="1" />
  
  <intosc name="intosc" type="" clockoutpin="PORTX0" />

  <timer name="TIMER0" type="800" configregsA="OPTION"
                       counter="TMR0"
                       clockpin="PORTA4"
                       interrupt="T0_OVF"
                       prescalers="2,4,8,16,32,64,128,256"/>

  <timer name="TIMER1" type="160" configregsA="T1CON"
                       counter="TMR1L,TMR1H"
                       clockpin="PORTC0"
                       interrupt="T1_OVF"
                       prescalers="1,2,4,8"/>

  <timer name="TIMER2" type="820" configregsA="T2CON" configregsB="PR2"
                       counter="TMR2"
                       interrupt="T2_MATCH"
                       prescalers="1,4,16,16"/>

  <ccpunit name="CCP1" type="01" configregsA="CCP1CON"
                       ccpreg="CCPR1L,CCPR1H"
                       pin="PORTC2"
                       interrupt="CCP1" />

  <ccpunit name="CCP2" type="01" configregsA="CCP2CON"
                       ccpreg="CCPR2L,CCPR2H"
                       pin="PORTC1"
                       interrupt="CCP2" />

  <usart name="USART0" number="1" configregsA="TXSTA" configregsB="RCSTA"
                       interrupt="USART_T">

    <trunit type="tx" pin="PORTC6" register="TXREG"/>
    <trunit type="rx" pin="PORTC7" register="RCREG" interrupt="USART_R" />
  </usart>
  
  <msspunit name="MSSP" type="00" configregsA="SSPCON" >
                        
    <twi name="TWI"  configregsA="SSPCON" configregsB="SSPCON2" 
                     dataregs="SSPBUF" 
                     addressreg="SSPADD"
                     statusreg="SSPSTAT" 
                     interrupt="SSP"
                     prescalers=""
                     pins="PORTC4,PORTC3" /><!-- "SDA,SCL" -->

    <spi name="SPI"  configregsA="SSPCON" 
                     dataregs="SSPBUF" 
                     statusreg="SSPSTAT"
                     interrupt="SSP" 
                     prescalers="4,16,64,0"
                     pins="PORTC5,PORTC4,PORTC3,PORTA5"/><!-- "SD0,SDI,SCK,SS" -->
  </msspunit>
  
  <configwords name="cfgWord" type="02">
    <word name="COINFIG1" address="0x2007" value="0xFF" />
    <word name="COINFIG2" address="0x2008" value="0xFF" />
  </configwords>
  
</parts>
