<parts>
  <port name="PORTA" pins="8" outreg="PORTA,LATA" dirreg="!TRISA"
                     configregsA="ANSELA" 
                     inpmask="11011111" 
                     pullups="WPUA"
                     resetpin="PORTA5">
  </port>

  <port name="PORTB" pins="8" outreg="PORTB,LATB" dirreg="!TRISB"
                     configregsA="ANSELB"
                     pullups="WPUB" >
                     
    <interrupt name="IOC" mask="11111111"/>
    <extint    name="INT" pin="PORTB0" configbits="INTEDG"/>
  </port>
  
  <intosc name="intosc" type="02" configregsA="OSCCON" 
                        clockpins="PORTA6,PORTA7" />

  <timer name="TIMER0" type="800" configregsA="OPTION" 
                       counter="TMR0"
                       clockpin="PORTA4"
                       interrupt="T0_OVF"
                       prescalers="2,4,8,16,32,64,128,256"/>

  <timer name="TIMER1" type="161" configregsA="T1CON" 
                       counter="TMR1L,TMR1H"
                       clockpin="PORTB6"
                       interrupt="T1_OVF"
                       prescalers="1,2,4,8"/>

  <timer name="TIMER2" type="820" configregsA="T2CON" configregsB="PR2"
                       counter="TMR2"
                       interrupt="T2_MATCH"
                       prescalers="1,4,16,64"/>

  <usart name="EUSART"  number="1" configregsA="TXSTA" configregsB="RCSTA" configregsC="BAUDCON"
                        interrupt="USART_T">

      <trunit type="tx" pin="PORTB2,PORTB5" configbitsA="RXDTSEL" register="TXREG"/>
      <trunit type="rx" pin="PORTB1,PORTB2" configbitsA="TXCKSEL" register="RCREG" interrupt="USART_R" />
  </usart>

  <vref name="Vref" configregsA="FVRCON" />

  <adc name="ADC" type="20" bits="10" configregsA="ADCON0" configregsB="ADCON1"
                  dataregs="ADRESL,ADRESH"
                  interrupt="ADC"
                  prescalers="2,8,32,0,4,16,64,0"
                  adcpins="PORTA0,PORTA1,PORTA2,PORTA3,PORTA4,PORTB6,PORTB7,PORTB5,PORTB4,PORTB3,PORTB2,PORTB1"
                  vrefpins="PORTA3,PORTA2"/>

  <dac name="DAC" configregsA="DACCON0"
                  dacreg="DACCON1"
                  pins="PORTA3,PORTA2,PORTA2" />

  <comp name="COMP1" type="20" configregsA="CM1CON0" configregsB="CM1CON1"
                     interrupt="COMP1"
                     pins="PORTA0,PORTA3,PORTA2" />

  <comp name="COMP2" type="20" configregsA="CM2CON0" configregsB="CM2CON1"
                     interrupt="COMP2"
                     pins="PORTA1,PORTA2,PORTA4" />

  <wdt name="WDT" configregsA="WDTCON"
                  prescalers="1,2,4,8,16,32,64,128"/>

  <configwords name="cfgWord" type="04">
    <word name="COINFIG1" address="0x8007" value="0xFF" />
    <word name="COINFIG2" address="0x8008" value="0xFF" />
  </configwords>
  
</parts>
