<parts>
  <interrupts enable="I">
    <interrupt name="RESET"                                priority="21" vector="0x0000"/>
    <interrupt name="INT0"    enable="INT0"   flag="INTF0" priority="20" vector="0x0002" clear="1" wakeup="11001111"/>
    <interrupt name="INT1"    enable="INT1"   flag="INTF1" priority="19" vector="0x0004" clear="1" wakeup="11001111"/>
    <interrupt name="T2CO"    enable="OCIE2"  flag="OCF2"  priority="18" vector="0x0006" clear="1"/>
    <interrupt name="T2_OVF"  enable="TOIE2"  flag="TOV2"  priority="17" vector="0x0008" clear="1"/>
    <interrupt name="T1CAP"   enable="ICIE1"  flag="ICF1"  priority="16" vector="0x000A" clear="1"/>
    <interrupt name="T1COA"   enable="OCIE1A" flag="OCF1A" priority="15" vector="0x000C" clear="1"/>
    <interrupt name="T1COB"   enable="OCIE1B" flag="OCF1B" priority="14" vector="0x000E" clear="1"/>
    <interrupt name="T1_OVF"  enable="TOIE1"  flag="TOV1"  priority="13" vector="0x0010" clear="1"/>
    <interrupt name="T0_OVF"  enable="TOIE0"  flag="TOV0"  priority="12" vector="0x0012" clear="1"/>
    <interrupt name="SPI"     enable="SPIE"   flag="SPIF"  priority="11" vector="0x0014" />
    <interrupt name="USART_R" enable="RXCIE"  flag="RXC"   priority="10" vector="0x0016" autoclear="0"/>
    <interrupt name="USART_U" enable="UDRIE"  flag="UDRE"  priority="9"  vector="0x0018" autoclear="0"/>
    <interrupt name="USART_T" enable="TXCIE"  flag="TXC"   priority="8"  vector="0x001A" clear="1"/>
    <interrupt name="ADC"     enable="ADIE"   flag="ADIF"  priority="7"  vector="0x001C" clear="1"/>
    <interrupt name="EEPR"    enable="EERIE"  flag=""      priority="6"  vector="0x001E"/>
    <interrupt name="ACOMP"   enable="ACIE"   flag="ACI"   priority="5"  vector="0x0020" clear="1"/>
    <interrupt name="TWI"     enable="TWIE"   flag="TWINT" priority="4"  vector="0x0022" clear="1" autoclear="0"/>
    <interrupt name="INT2"    enable="INT2"   flag="INTF2" priority="3"  vector="0x0024" clear="1" wakeup="11001111"/>
    <interrupt name="T0CO"    enable="OCIE0"  flag="OCF0"  priority="2"  vector="0x0026" clear="1"/>
    <interrupt name="SPM"     enable=""       flag=""      priority="1"  vector="0x0028"/>
  </interrupts>
</parts>
