<parts>  
  <port name="PORTP" pins="6" outreg="GPIO" dirreg="!TRISIO" 
                     inpmask="00110111"
                     pullups="WPU"
                     resetpin="PORTP3">

        <interrupt name="IOC" mask="IOC"/>
        <extint    name="INT" pin="PORTP2" configbits="INTEDG"/>
  </port>
  
  <intosc name="intosc" type="00" configregsA="OSCCON" 
                        clockpins="PORTP4,PORTP5" />

  <timer name="TIMER0" type="800" configregsA="OPTION"
                       counter="TMR0"
                       clockpin="PORTP2"
                       interrupt="T0_OVF"
                       prescalers="2,4,8,16,32,64,128,256">
  </timer>

  <timer name="TIMER1" type="160" configregsA="T1CON"
                       counter="TMR1L,TMR1H"
                       clockpin="PORTP5"
                       interrupt="T1_OVF"
                       prescalers="1,2,4,8">
  </timer>

  <timer name="TIMER2" type="820" configregsA="T2CON" configregsB="PR2"
                       counter="TMR2"
                       interrupt="T2_MATCH"
                       prescalers="1,4,16,16">
  </timer>

  <ccpunit name="CCP1" type="00" configregsA="CCP1CON"
                       ccpreg="CCPR1L,CCPR1H"
                       pin="PORTP2"
                       interrupt="CCP1" />

  <vref name="Vref" configregsA="VRCON" />

  <comp name="COMP" type="03" configregsA="CMCON0"
                    interrupt="ACOMP"
                    pins="PORTP1,PORTP0,PORTP2" />

  <wdt name="WDT" configregsA="OPTION"
                  prescalers="1,2,4,8,16,32,64,128"/>
                  
  <rom name="ROM" configregsA="EECON1" configregsB="EECON2"
                  dataregs="EEDAT" 
                  addressreg="EEADR" 
                  interrupt="EEPR" />

  <adc name="ADC" type="11" bits="10" configregsA="ADCON0"
                  dataregs="ADRESL,ADRESH"
                  interrupt="ADC"
                  prescalers="2,8,32,0,4,16,64"
                  adcpins="PORTP0,PORTP1,PORTP2,PORTP4"
                  vrefpins="PORTP1"/>

  <configwords name="cfgWord" type="00">
    <word name="COINFIG1" address="0x2007" value="0xFF" />
    <word name="COINFIG2" address="0x2008" value="0xFF" />
  </configwords>
</parts>
